{
  "project_info": {
    "project_number": "1060849551425",
    "project_id": "device-tracker-eced1",
    "storage_bucket": "device-tracker-eced1.appspot.com"
  },
  "client": [
    {
      "client_info": {
        "mobilesdk_app_id": "1:1060849551425:android:d4a081db6d0be902851ec0",
        "android_client_info": {
          "package_name": "com.example.device_tracker"
        }
      },
      "oauth_client": [
        {
          "client_id": "1060849551425-sg696c95rso9ii0l04vr7eljlgvk9ign.apps.googleusercontent.com",
          "client_type": 1,
          "android_info": {
            "package_name": "com.example.device_tracker",
            "certificate_hash": "8cb5324088547ade1a7c485b5cd5d49adae7185c"
          }
        },
        {
          "client_id": "1060849551425-sauce3e149d6k539ue0a2b7pb1s1ht4m.apps.googleusercontent.com",
          "client_type": 3
        }
      ],
      "api_key": [
        {
          "current_key": "AIzaSyAu0sbnRmb5IUDBRpqDB1zFKIsyjfZMOsI"
        }
      ],
      "services": {
        "appinvite_service": {
          "other_platform_oauth_client": [
            {
              "client_id": "1060849551425-sauce3e149d6k539ue0a2b7pb1s1ht4m.apps.googleusercontent.com",
              "client_type": 3
            }
          ]
        }
      }
    }
  ],
  "configuration_version": "1"
}